{"train_rmse": 3826.382557119815, "valid_rmse": 6056.920664915021, "_timestamp": 1705929920.2397158, "_runtime": 600.0953867435455, "_step": 3, "_wandb": {"runtime": 1038}}