{"train_rmse": 8572.499487945674, "valid_rmse": 13059.618149881864, "_timestamp": 1705915304.3747993, "_runtime": 13.677780151367188, "_step": 4, "_wandb": {"runtime": 12}}