{"train_rmse": 9211.428723203264, "valid_rmse": 13634.284162752225, "_timestamp": 1705912268.7122035, "_runtime": 12.370442390441895, "_step": 4, "_wandb": {"runtime": 11}}