{"train_rmse": 8612.946411336387, "valid_rmse": 13375.245289509625, "_timestamp": 1705916730.7388883, "_runtime": 21.595024347305298, "_step": 4, "_wandb": {"runtime": 11}}