{"fold_idx": 2, "train_rmse": 9211.428723203264, "valid_rmse": 13634.284162752225, "_timestamp": 1705911946.6980414, "_runtime": 1143.1551835536957, "_step": 2}